<?xml version="1.0" encoding="UTF-8"?>
            <rss version="2.0"
            xmlns:content="http://purl.org/rss/1.0/modules/content/"
            xmlns:wfw="http://wellformedweb.org/CommentAPI/"
            xmlns:dc="http://purl.org/dc/elements/1.1/"
            xmlns:atom="http://www.w3.org/2005/Atom"
            xmlns:sy="http://purl.org/rss/1.0/modules/syndication/"
            xmlns:slash="http://purl.org/rss/1.0/modules/slash/"
            >

        <channel>
            <title>Erwin SSG</title>
            <atom:link href="https://my-domain.com/rss.xml" rel="self" type="application/rss+xml" />
            <link>https://my-domain.com</link>
            <description>An Open Source Python Static Site Generator (This site is made with Erwin, for real)</description>
            <lastBuildDate>Wed, 23 Sep 2020 07:58:25 GMT</lastBuildDate>
            <language>en-US</language>
            <sy:updatePeriod>
            hourly	</sy:updatePeriod>
            <sy:updateFrequency>
            1	</sy:updateFrequency>
            <generator>Erwin 0.9</generator>
            
            
            
    <item>
                    <title>CSS and SCSS</title>
                    <link>https://my-domain.com/posts/css-scss/</link>
                            <pubDate>Wed, 27 May 2020 00:00:00 GMT</pubDate>
                    <dc:creator><![CDATA[Bastian Schroeder]]></dc:creator>
                            <category><![CDATA[Features]]></category>
                        <guid isPermaLink="true">https://my-domain.com/posts/css-scss</guid>
                            <description><![CDATA[A scss compiler and a working solution for critical css loading]]></description>
                            <content:encoded><![CDATA[]]>A scss compiler and a working solution for critical css loading</content:encoded>
                </item>
        <item>
                    <title>Accessories Generators</title>
                    <link>https://my-domain.com/posts/accessories/</link>
                            <pubDate>Tue, 19 May 2020 00:00:00 GMT</pubDate>
                    <dc:creator><![CDATA[Bastian Schroeder]]></dc:creator>
                            <category><![CDATA[Features]]></category>
                        <guid isPermaLink="true">https://my-domain.com/posts/accessories</guid>
                            <description><![CDATA[Automatic creation of Sitemap, RSS Feed, Webmanifest, Social Cards.]]></description>
                            <content:encoded><![CDATA[]]>Automatic creation of Sitemap, RSS Feed, Webmanifest, Social Cards.</content:encoded>
                </item>
        <item>
                    <title>The Content</title>
                    <link>https://my-domain.com/posts/content/</link>
                            <pubDate>Tue, 19 May 2020 00:00:00 GMT</pubDate>
                    <dc:creator><![CDATA[Bastian Schroeder]]></dc:creator>
                            <category><![CDATA[Features]]></category>
                        <guid isPermaLink="true">https://my-domain.com/posts/content</guid>
                            <description><![CDATA[We have Pages, Posts, Tags, Categories]]></description>
                            <content:encoded><![CDATA[]]>We have Pages, Posts, Tags, Categories</content:encoded>
                </item>
        <item>
                    <title>Image Processing</title>
                    <link>https://my-domain.com/posts/image-processing/</link>
                            <pubDate>Mon, 18 May 2020 00:00:00 GMT</pubDate>
                    <dc:creator><![CDATA[Bastian Schroeder]]></dc:creator>
                            <category><![CDATA[Features]]></category>
                        <guid isPermaLink="true">https://my-domain.com/posts/image-processing</guid>
                            <description><![CDATA[Automaic generation if different file sizes for screen sizes and an automatic icon generator]]></description>
                            <content:encoded><![CDATA[]]>Automaic generation if different file sizes for screen sizes and an automatic icon generator</content:encoded>
                </item>
        <item>
                    <title>Why Erwin SSG</title>
                    <link>https://my-domain.com/posts/importance-of-screen-time/</link>
                            <pubDate>Mon, 11 May 2020 00:00:00 GMT</pubDate>
                    <dc:creator><![CDATA[Bastian Schroeder]]></dc:creator>
                            <category><![CDATA[Features]]></category>
                        <guid isPermaLink="true">https://my-domain.com/posts/importance-of-screen-time</guid>
                            <description><![CDATA[Why did i go through the hassle to code a brand new static site generator from scratch?]]></description>
                            <content:encoded><![CDATA[]]>Why did i go through the hassle to code a brand new static site generator from scratch?</content:encoded>
                </item>
        </channel>
        </rss>
    